date,0,1,2,3,4,5,6,7,8,9,10,11,12,13,14,15,16,17,18,19,20,21,22,23,24,25,26,27,28,29,30,31,32,33,34,35,36,37,38,39,40,41,42,43,44,45,46,47,48,49,50,51,52,53,54,55,56,57,58,59,60,61,62,63,64,65,66,67,68,69,70,71,72,73,74,75,76,77,78,79,80,81,82,83,84,85,86,87,88,89,90,91,92,93,94,95,96,97,98,99,100,101,102,103,104,105,106,107,108,109,110,111,112,113,114,115,116,117,118,119,120,121,122,123,124,125,126,127,128,129,130,131,132,133,134,135,136,137,138,139,140,141,142,143,144,145,146,147,148,149,150,151,152,153,154,155,156,157,158,159,160,161,162,163,164,165,166,167,168,169,170,171,172,173,174,175,176,177,178,179,180,181,182,183,184,185,186,187,188,189,190,191,192,193,194,195,196,197,198,199
1/1/17 0:00,0.041424629,0.038816599,0.029261557,0.055796524,0.069294142,0.033849778,0.077904954,0.097048044,0.03943618,0.03446442,0.027906044,0.046137309,0.05073236,0.028256649,0.030896645,0.03236926,0.023787906,0.03422921,0.020513082,0.028356579,0.040468499,0.040013539,0.03147922,0.03833885,0.046084133,0.052907915,0.048648062,0.029646052,0.03545769,0.037231438,0.024638701,0.03826246,0.030077074,0.032011106,0.049629281,0.05228299,0.026962289,0.037572743,0.019186545,0.029003916,0.031504749,0.025776796,0.04279832,0.026034079,0.03250528,0.030861189,0.035119477,0.028794884,0.03083658,0.030032815,0.026591507,0.019056233,0.022124467,0.052917672,0.037489661,0.027408488,0.062640007,0.025931285,0.028272306,0.024965353,0.06380028,0.021871709,0.029621368,0.045731285,0.031102546,0.097541422,0.030344033,0.038768713,0.030918128,0.074230924,0.030404417,0.016209209,0.034324544,0.038629106,0.027800815,0.034038293,0.029511144,0.036931812,0.024724618,0.01786521,0.030239772,0.027166077,0.029416651,0.027309289,0.02188156,0.029040734,0.017623783,0.049237228,0.0576803,0.024425386,0.029341345,0.024931389,0.02850656,0.03412495,0.027332708,0.048446707,0.03580763,0.033192815,0.02597666,0.026438845,0.032514746,0.023979323,0.025413412,0.017139758,0.027680775,0.029362978,0.072091496,0.027876377,0.019599762,0.056797415,0.02142952,0.11893671,0.028963827,0.028142554,0.022937419,0.026795186,0.030473255,0.027250075,0.02876556,0.038157537,0.026302085,0.028027124,0.037943114,0.023373811,0.02009914,0.025347267,0.037148216,0.014508174,0.028105871,0.025275984,0.093574168,0.018313001,0.050615069,0.037189927,0.024103704,0.09277727,0.027504225,0.022208641,0.023026133,0.022949195,0.067911065,0.023110693,0.016801775,0.017662911,0.016673083,0.021810461,0.018699236,0.023710206,0.020454057,0.030922907,0.022022652,0.033587936,0.013917992,0.024392252,0.016198992,0.028985569,0.044376094,0.021032749,0.020136224,0.029809621,0.026984224,0.029879382,0.018569573,0.025916627,0.012196651,0.042307366,0.024884605,0.033588198,0.020523043,0.180160774,0.028837188,0.029859045,0.023481218,0.025833738,0.025279742,0.025443827,0.020932765,0.015492915,0.03367791,0.02611424,0.036762775,0.133487385,0.029677317,0.030771969,0.110099732,0.022678051,0.037190038,0.02719822,0.032821706,0.030188525,0.019981125,0.022183123,0.031606828,0.02782332,0.022918611,0.026078618,0.067994006,0.096279495,0.031437729,0.024983444
1/1/17 1:00,0.040127706,0.036305065,0.026788621,0.053383255,0.068530607,0.029140683,0.075514872,0.09697405,0.035250826,0.030217498,0.024983141,0.042226338,0.050216959,0.025068356,0.026427158,0.027453311,0.02255825,0.031599247,0.016999305,0.026348865,0.037375865,0.037853357,0.026609971,0.034262336,0.043807423,0.053531267,0.040157048,0.028712934,0.031805712,0.030313806,0.021686421,0.032489246,0.026665878,0.027489627,0.039218201,0.042294801,0.024427273,0.030506361,0.01767847,0.026635835,0.028036757,0.023040383,0.038490539,0.024582212,0.0288537,0.027355885,0.027342229,0.021282431,0.026981864,0.026463851,0.024498987,0.016344849,0.020470531,0.052083903,0.040307322,0.022642508,0.059992337,0.022937294,0.02509608,0.022204942,0.063419319,0.020126516,0.023814602,0.045361391,0.024683262,0.046864713,0.027115519,0.026531024,0.028743607,0.049124699,0.027331806,0.014704473,0.033057923,0.032279824,0.02591078,0.026994597,0.027853219,0.033456653,0.023340065,0.015118797,0.024287244,0.023683459,0.026473746,0.023782081,0.018006912,0.026652125,0.014915107,0.052938136,0.047002261,0.022274347,0.02618564,0.022559885,0.02491276,0.028445966,0.024384197,0.056811426,0.030168974,0.027719656,0.02353101,0.024797897,0.025302784,0.021805463,0.023428796,0.016811501,0.020960748,0.026646091,0.072525029,0.025211611,0.018763807,0.047232735,0.01866348,0.103039006,0.02513368,0.026384295,0.022310172,0.02076453,0.022399046,0.023752089,0.025811328,0.03542499,0.02294112,0.023134485,0.0323681,0.019394813,0.016865412,0.021439605,0.034450107,0.012973348,0.024237484,0.021762223,0.094161964,0.017560209,0.045667082,0.029800811,0.02043268,0.083748189,0.024472646,0.019170694,0.020115452,0.020925282,0.069775556,0.020656317,0.015541979,0.014044105,0.015833168,0.02019645,0.017344867,0.021950682,0.018535104,0.028095594,0.017707728,0.031793946,0.011273567,0.01952443,0.014160666,0.027234964,0.045553513,0.018368209,0.015825926,0.025282325,0.026496235,0.025182147,0.016331292,0.023625087,0.010196804,0.035080664,0.023139514,0.027160109,0.018597898,0.057359544,0.025014051,0.026741249,0.022251177,0.022944387,0.022814635,0.021491038,0.020270058,0.014454457,0.03249522,0.022455354,0.046646652,0.05547324,0.026242151,0.028337442,0.0542168,0.018172073,0.036177244,0.024481802,0.028033994,0.027658752,0.017242153,0.019089648,0.023197232,0.0244768,0.020944657,0.023762301,0.036654634,0.110186438,0.028245942,0.020873663
1/1/17 2:00,0.039865631,0.034852251,0.026014035,0.048432,0.067534544,0.026437126,0.074380328,0.096834556,0.033603195,0.027778789,0.023657812,0.039180793,0.051165741,0.023531758,0.023537332,0.024502608,0.022109382,0.030513549,0.01512934,0.025614553,0.035607564,0.03943498,0.023480476,0.032320336,0.042136254,0.055508793,0.035528909,0.029144807,0.031201431,0.026847705,0.019830958,0.029320476,0.024386343,0.023726882,0.033555549,0.034983043,0.023586816,0.02704831,0.016533044,0.025543742,0.026274656,0.021455674,0.034342818,0.023450901,0.027261282,0.025653935,0.02286231,0.01631107,0.024215361,0.025305986,0.024120243,0.01511445,0.019971605,0.04810276,0.035169734,0.020855098,0.056896682,0.021514043,0.02405311,0.020895411,0.063264359,0.019559459,0.020921901,0.03853766,0.020328966,0.034946177,0.025204063,0.022388905,0.027916933,0.027972501,0.026468108,0.013395266,0.031238967,0.030163456,0.024735965,0.024308257,0.028510633,0.030201124,0.02170902,0.014594812,0.02185783,0.022030013,0.024776853,0.021825317,0.015813169,0.024534854,0.014076817,0.051784248,0.031541083,0.021588445,0.02417751,0.021827211,0.02311192,0.026598713,0.023573445,0.083622291,0.027488499,0.025015834,0.022614627,0.022282303,0.022236256,0.019712513,0.022313959,0.014723401,0.018731275,0.023112902,0.07124798,0.022661304,0.017181867,0.041913776,0.019316968,0.056521673,0.023357871,0.024924726,0.021861745,0.018440635,0.019615961,0.021448044,0.024128286,0.036806324,0.020704799,0.020456923,0.030219966,0.017533262,0.015658619,0.02067868,0.033946723,0.011144294,0.023853627,0.018605081,0.077820493,0.016185775,0.040666326,0.024861884,0.020844331,0.073752802,0.02107165,0.018260209,0.017973937,0.019405255,0.058515895,0.019084862,0.014935966,0.013976471,0.018065464,0.018590216,0.017983965,0.019507246,0.016868833,0.0257856,0.0162407,0.030414833,0.010217698,0.015704761,0.013521003,0.027537459,0.046945914,0.017643135,0.013015383,0.02439607,0.025924087,0.02339938,0.014374607,0.022906896,0.011049805,0.030276692,0.020516049,0.025751201,0.016337391,0.032237185,0.023092059,0.025728158,0.021118501,0.021202832,0.021293565,0.021037925,0.02001283,0.014272721,0.031642183,0.021312654,0.046634832,0.034894746,0.024179328,0.028107199,0.025551919,0.016896231,0.030805055,0.021081396,0.025470857,0.028598576,0.016157945,0.017260764,0.019415937,0.021832315,0.020383731,0.019842269,0.026385987,0.106763494,0.029671308,0.017516665
1/1/17 3:00,0.03944708,0.034007221,0.025534558,0.04443484,0.065690766,0.025010123,0.073139959,0.096286046,0.033297914,0.026629765,0.023205578,0.037006881,0.053534925,0.023925815,0.021707783,0.022740051,0.022408656,0.030598756,0.013630805,0.025933755,0.035190255,0.036543749,0.021575679,0.03083511,0.04255872,0.056041746,0.033343482,0.030420963,0.030896009,0.025360835,0.018795985,0.02730069,0.022885507,0.022732089,0.031452719,0.031969501,0.022502109,0.026464382,0.016413596,0.02520796,0.024934166,0.020657301,0.03275048,0.023489594,0.026235812,0.025126931,0.020369651,0.014353801,0.023584189,0.025020703,0.026201783,0.01430648,0.020014311,0.043784754,0.035666483,0.019893287,0.054308815,0.021099656,0.022989133,0.020549508,0.06330584,0.019616067,0.019971981,0.035061426,0.018545351,0.029210693,0.025033381,0.021489493,0.027590078,0.022247523,0.025850475,0.012711821,0.027809675,0.02896948,0.024450342,0.023880483,0.030899666,0.02869976,0.021527066,0.014120471,0.020831479,0.022172423,0.023769971,0.020887708,0.0148671,0.023303332,0.013091435,0.052674683,0.024612804,0.022778836,0.02344682,0.020281055,0.022077721,0.026121587,0.021775786,0.091332984,0.02628922,0.024901773,0.022372768,0.022209624,0.02231136,0.020344408,0.022808281,0.015566756,0.015799795,0.023554964,0.070473418,0.021934794,0.017422812,0.041599265,0.018381769,0.036888845,0.022216129,0.023613034,0.02147343,0.017342023,0.018163013,0.021259477,0.02374926,0.032675241,0.020325647,0.018754011,0.027866931,0.016177928,0.014757991,0.020649873,0.032731285,0.011325249,0.025177949,0.017893087,0.048052653,0.016122211,0.032936559,0.022160239,0.02037212,0.059851514,0.020675626,0.017523894,0.016835112,0.019144391,0.046414851,0.018966351,0.015165238,0.013080767,0.025246083,0.017932187,0.01835254,0.019786466,0.017539252,0.025599017,0.015731448,0.029989474,0.009879761,0.014885168,0.014039047,0.026205928,0.049566414,0.017928785,0.013658081,0.023927108,0.021949279,0.021877728,0.014106148,0.021442093,0.009999189,0.028987293,0.019467463,0.026602196,0.016693856,0.029600568,0.021532069,0.02543289,0.020807626,0.022276148,0.021377217,0.019167197,0.017337899,0.014446951,0.029989947,0.021887018,0.027657942,0.032359826,0.022959848,0.025282782,0.017287119,0.014704108,0.029342187,0.020215368,0.026099145,0.0334214,0.015961019,0.017077533,0.019396977,0.021326764,0.017887153,0.018680141,0.023092501,0.099933519,0.046957699,0.018225493
1/1/17 4:00,0.039783201,0.034048615,0.025720541,0.041184043,0.062678434,0.024807448,0.072527325,0.095941549,0.034076877,0.026694129,0.022999101,0.034643502,0.055946745,0.023704549,0.020865359,0.021349488,0.025973313,0.031719876,0.013324538,0.030175602,0.034549279,0.035571526,0.021077058,0.03005573,0.045947856,0.055986899,0.031858293,0.039528988,0.031866465,0.026027806,0.018408114,0.026498465,0.023240931,0.022008621,0.030937164,0.031630122,0.023779218,0.028075735,0.016507341,0.026223465,0.025018902,0.020348528,0.031686338,0.02447028,0.026522865,0.024838297,0.019544991,0.013738677,0.023599085,0.025412925,0.029146321,0.015319513,0.020905333,0.038835002,0.037618737,0.019151742,0.05251821,0.021610036,0.022911443,0.020428786,0.062312587,0.019168501,0.019712653,0.032308769,0.019099704,0.02700469,0.024674844,0.022087234,0.027218687,0.021620082,0.026010853,0.01249351,0.026362495,0.030296665,0.024325227,0.025087512,0.042122137,0.0291581,0.021733887,0.014137167,0.021229395,0.023382546,0.02433116,0.020581665,0.014652103,0.023402957,0.012932969,0.052297807,0.022648924,0.025704944,0.023500159,0.020526301,0.022417701,0.02840197,0.023024061,0.066566839,0.026776671,0.024222792,0.022391707,0.023534941,0.023447054,0.020529118,0.032139849,0.019282413,0.015402196,0.023144123,0.070212048,0.021485942,0.016816499,0.038873203,0.017708599,0.034271995,0.023629493,0.025456534,0.024644681,0.017873477,0.01867448,0.02210934,0.024378719,0.027787967,0.020457488,0.017523064,0.028279546,0.015098512,0.015837172,0.019452708,0.031732803,0.01183253,0.046317623,0.017605005,0.028913018,0.018466759,0.026902992,0.022280443,0.019125683,0.04490689,0.021089539,0.017432477,0.016796573,0.019687684,0.031448024,0.018125639,0.015206688,0.013873185,0.034739867,0.019980769,0.018500897,0.019280667,0.017591788,0.025376595,0.016532595,0.03171506,0.009998188,0.013400462,0.014710849,0.023380087,0.055398918,0.016694392,0.013613324,0.025160434,0.021697906,0.022343857,0.014648505,0.021644344,0.009716263,0.02817213,0.019717882,0.026040674,0.0183688,0.029048856,0.020151053,0.027156634,0.0223067,0.020532017,0.022171546,0.018758323,0.013545882,0.014471546,0.055931859,0.030134053,0.02182029,0.031176868,0.023063161,0.024153928,0.016446252,0.016722015,0.030847282,0.020335731,0.025747245,0.087565571,0.015709314,0.016314998,0.02169796,0.021384314,0.017357914,0.017314826,0.021002162,0.047234953,0.12992092,0.016403289
1/1/17 5:00,0.040985434,0.035542843,0.027576678,0.03906109,0.057210667,0.02500092,0.069014585,0.084746375,0.03957556,0.027945198,0.024227798,0.032784669,0.058879719,0.024584795,0.020999609,0.020883814,0.039974622,0.035581244,0.013148387,0.050709943,0.03432253,0.036947648,0.022367626,0.030779936,0.042531371,0.056656593,0.030180984,0.066444366,0.034881729,0.026822661,0.019151809,0.026693691,0.022876455,0.022123146,0.031070391,0.030612046,0.023661597,0.02986943,0.018711669,0.027214368,0.026409837,0.021059205,0.031843463,0.025708482,0.028127741,0.026619969,0.018732303,0.014999088,0.024288192,0.026506537,0.04644572,0.015598468,0.022903473,0.032709889,0.037728902,0.020446608,0.05072915,0.023181849,0.023876975,0.019464839,0.062748155,0.021488615,0.021288647,0.031361318,0.017612044,0.026481577,0.026296235,0.022439154,0.029502786,0.023817679,0.027991013,0.01279519,0.030114035,0.031694105,0.025344158,0.028445735,0.037604791,0.031316929,0.031444112,0.014601134,0.022156066,0.028308556,0.02415811,0.021082689,0.015210076,0.024010793,0.013006754,0.052808837,0.018860852,0.047074576,0.024470103,0.023231621,0.025018323,0.039304248,0.023800904,0.050927332,0.028124456,0.025384923,0.023967185,0.025058001,0.023545114,0.021682561,0.068326952,0.018246044,0.016259561,0.023242342,0.072607242,0.023568456,0.016836923,0.037664492,0.019489384,0.032606704,0.024867186,0.027322294,0.028321963,0.018721965,0.018678824,0.021797183,0.028293022,0.026563647,0.020687983,0.017399154,0.029680891,0.015727726,0.017301359,0.019792451,0.028569062,0.01075963,0.113106443,0.019771131,0.02567504,0.019565059,0.021694767,0.021618569,0.022463559,0.030580155,0.021888191,0.019810174,0.01890123,0.023498339,0.024523003,0.019716562,0.016650966,0.014996975,0.040927157,0.021899089,0.021462224,0.020653056,0.017435115,0.027711212,0.016943426,0.046618339,0.009855141,0.013324559,0.015726246,0.024459996,0.066720937,0.01668131,0.013168139,0.02631233,0.021275262,0.023420158,0.016136896,0.022411228,0.010243643,0.025204642,0.019698572,0.024778056,0.019173642,0.03098941,0.022737709,0.033284363,0.026219881,0.021514596,0.02395073,0.019506617,0.012288614,0.016549539,0.050614456,0.077549603,0.020076227,0.035478287,0.025428252,0.022862903,0.016826825,0.014928761,0.02396969,0.020176391,0.028697563,0.12734369,0.018474584,0.01721013,0.020339326,0.021481583,0.017722909,0.017179029,0.019826378,0.02985321,0.086475528,0.018101133
1/1/17 6:00,0.041564922,0.036439802,0.034402789,0.037723346,0.04091436,0.026334473,0.046232941,0.031288758,0.060631227,0.030381873,0.0262145,0.029629874,0.070136908,0.029485393,0.022094253,0.021194173,0.060504006,0.050681814,0.013784747,0.082619542,0.033884938,0.036725783,0.023358154,0.031246239,0.037127733,0.059256838,0.028759317,0.064140323,0.041348176,0.027272775,0.0195057,0.02749642,0.024189588,0.023680891,0.031443297,0.02927239,0.025934376,0.030857196,0.024469748,0.034675664,0.030390579,0.024044176,0.032276335,0.031699805,0.029076442,0.027739054,0.018543913,0.014877156,0.026134775,0.040975809,0.111771535,0.01821238,0.036341238,0.027774982,0.038781051,0.021040849,0.039834413,0.026656004,0.024955844,0.020093019,0.061506689,0.04242428,0.024097067,0.03110803,0.018733456,0.027336596,0.030223993,0.024480464,0.037113399,0.02608639,0.032406572,0.013594281,0.035939471,0.030823446,0.02805347,0.033264864,0.051544225,0.029519326,0.055309692,0.016787997,0.024048441,0.026747631,0.024932867,0.022399421,0.016003236,0.032029192,0.013643445,0.056908856,0.017160113,0.09712349,0.025023945,0.023925029,0.026184787,0.077018473,0.024711664,0.036796415,0.029874594,0.024874499,0.029971121,0.027084304,0.02821896,0.023588173,0.036559873,0.029055011,0.017909498,0.022136545,0.069067315,0.027806938,0.019735159,0.043975804,0.024010492,0.03400944,0.027436936,0.026960776,0.059621078,0.022549144,0.019859653,0.022640846,0.03458931,0.026286423,0.021922671,0.018632594,0.028907319,0.015915536,0.020062597,0.020906847,0.027321778,0.012025385,0.12004915,0.02170414,0.025025533,0.0267442,0.01968174,0.020555585,0.032869727,0.025458354,0.022305905,0.020941272,0.020513786,0.02399667,0.021143059,0.020237549,0.015447013,0.016282929,0.052371201,0.023914408,0.031293222,0.022932871,0.021501547,0.0287549,0.018281342,0.198438319,0.011545603,0.014755237,0.016468014,0.026108939,0.063761145,0.016851142,0.01338455,0.041948434,0.024978854,0.026237984,0.016631462,0.026330617,0.018121994,0.023186529,0.022843504,0.028619212,0.021744083,0.03584858,0.023415771,0.038404634,0.056407565,0.023758554,0.025953045,0.019457982,0.011409147,0.02685866,0.120543379,0.096525048,0.02096455,0.037939444,0.029613555,0.025295147,0.024392174,0.013304683,0.025227662,0.026920334,0.048332513,0.07259592,0.02146282,0.019081705,0.018721861,0.039790778,0.018241323,0.022262306,0.023409926,0.032110932,0.055844635,0.017837486
1/1/17 7:00,0.040568423,0.036851625,0.047849701,0.037156203,0.017064301,0.028146216,0.025242917,0.011367111,0.059660888,0.031406299,0.029985256,0.027576913,0.05424257,0.044881902,0.023282047,0.022950291,0.059419957,0.048186813,0.014776005,0.073588477,0.034718042,0.035963486,0.023374998,0.03342672,0.032310231,0.060031526,0.029520999,0.048544641,0.042945339,0.028510976,0.018631233,0.030711242,0.027663061,0.02745737,0.034386173,0.030010921,0.028310099,0.028479031,0.0438302,0.047661983,0.029178722,0.028450884,0.031089766,0.035033019,0.031133214,0.029015386,0.018888062,0.015371657,0.027315346,0.13758991,0.059705169,0.030298638,0.057629295,0.023293735,0.039763442,0.022411708,0.024064037,0.043039432,0.029097447,0.020708914,0.055602498,0.057197866,0.02765475,0.030343859,0.019241498,0.028830987,0.03284495,0.036003163,0.036662794,0.025000247,0.028891287,0.015595512,0.025586346,0.026778892,0.032123368,0.037531236,0.066320601,0.030813289,0.107108432,0.029183437,0.025610976,0.022144562,0.02757048,0.022427341,0.017235841,0.034076288,0.014531951,0.058799525,0.017071341,0.097683698,0.024696587,0.023720145,0.025769378,0.053537164,0.030740105,0.030458735,0.059054975,0.027430962,0.038803594,0.026533548,0.026846999,0.027454801,0.030296623,0.103384875,0.029238194,0.029392692,0.060652775,0.043939492,0.042874277,0.044104881,0.021529555,0.033801239,0.027559804,0.022853579,0.1028415,0.021399794,0.021249313,0.026632319,0.029616677,0.025378947,0.021113022,0.017752514,0.030086278,0.01599155,0.023539323,0.027824113,0.028728957,0.011748284,0.071131536,0.026683743,0.025586776,0.03821931,0.018479795,0.01758243,0.13651747,0.024191422,0.024498403,0.027544199,0.022048348,0.023157579,0.022495163,0.022613096,0.015639509,0.016563405,0.070662397,0.028343548,0.072575582,0.027924974,0.029475465,0.030556159,0.020436262,0.0541804,0.011958551,0.015413343,0.014774027,0.026304038,0.048988095,0.018652776,0.014977995,0.127492145,0.02660738,0.024225688,0.022794764,0.03082151,0.046812536,0.02163407,0.02393356,0.031448844,0.030520953,0.038146135,0.022775425,0.041195727,0.142957171,0.034542929,0.0269823,0.020276412,0.011572253,0.072128939,0.148907375,0.049896697,0.024246063,0.030429882,0.030693927,0.022625074,0.021560177,0.012390679,0.028486859,0.025307679,0.239798686,0.029278647,0.021679748,0.030236509,0.021956383,0.091101496,0.019629455,0.03438431,0.021005772,0.028191104,0.032175661,0.020080505
1/1/17 8:00,0.03990348,0.035913244,0.053567679,0.036144898,0.00990581,0.03074104,0.016356287,0.006426423,0.048969732,0.028844456,0.034937408,0.025963543,0.033726928,0.071739983,0.025714556,0.025575198,0.045057069,0.033111523,0.015721883,0.054949668,0.038502526,0.033679217,0.019720231,0.034612862,0.028026882,0.051676543,0.02944068,0.032318358,0.041768385,0.026808246,0.017339131,0.03532165,0.026252184,0.03423138,0.035674324,0.029848111,0.033448368,0.024661803,0.053094238,0.05133996,0.024681661,0.028011952,0.029384664,0.036836452,0.043603184,0.030425697,0.01799342,0.015066093,0.027570514,0.045766489,0.034616686,0.045659345,0.085822053,0.018583797,0.036121635,0.021886781,0.019024907,0.112789683,0.034230582,0.02222029,0.045101125,0.050214177,0.035891988,0.030469852,0.016926567,0.027921109,0.029832805,0.090901709,0.028934386,0.029598508,0.028515379,0.018448317,0.021162333,0.023187411,0.034339299,0.033139403,0.068217135,0.030844005,0.112771182,0.049154376,0.023993334,0.017148295,0.029463389,0.020995291,0.019804143,0.032561981,0.015148346,0.056775615,0.017919564,0.080359754,0.026294615,0.023865972,0.025121573,0.025598278,0.033748225,0.026253346,0.170062704,0.026289016,0.03708293,0.023645654,0.025242288,0.028864793,0.029919148,0.051658451,0.039577323,0.026772354,0.051633022,0.027602125,0.087409104,0.056783344,0.018033998,0.03316196,0.036397139,0.021561657,0.03040608,0.018802077,0.019082906,0.022823603,0.026322888,0.026027125,0.020926424,0.019014794,0.029928596,0.020090929,0.035503463,0.044505781,0.026998923,0.011578,0.033349795,0.038767178,0.023277706,0.059295434,0.017677036,0.019100864,0.119694663,0.021673402,0.027950231,0.055474864,0.02337788,0.021629649,0.024003735,0.027718388,0.015711325,0.022830844,0.067350312,0.053144235,0.113794077,0.030236343,0.060533165,0.055318853,0.022182528,0.029240326,0.012328481,0.015942657,0.013904776,0.025440386,0.031605323,0.020027449,0.01552678,0.048376764,0.026597779,0.022881682,0.029335453,0.028903942,0.076812196,0.021965221,0.027324058,0.036166663,0.157968503,0.032284731,0.024160896,0.030584023,0.068502408,0.124272939,0.022156058,0.02174861,0.01244789,0.113602942,0.034596752,0.02302684,0.021042617,0.02412417,0.032430397,0.022478843,0.016171326,0.011409089,0.023410212,0.022548657,0.051813249,0.025861769,0.022695023,0.025750605,0.020240904,0.041516498,0.018892584,0.034008895,0.023471743,0.020357978,0.025855388,0.019075259
1/1/17 9:00,0.040711041,0.035349892,0.053757924,0.037630235,0.00898103,0.035280355,0.015299091,0.006187117,0.038660969,0.029850052,0.04269921,0.026065833,0.024106715,0.054521861,0.032302115,0.030100237,0.037978926,0.027475549,0.018610053,0.044875885,0.053935526,0.033033477,0.019764065,0.038569475,0.026839132,0.04161752,0.028749537,0.027192564,0.037243212,0.027122302,0.01745437,0.040514748,0.029254638,0.045268414,0.033922259,0.030401238,0.043730139,0.023925016,0.048461994,0.052714122,0.022874491,0.027471338,0.030090722,0.041827859,0.11880686,0.03367205,0.018154035,0.016490794,0.029752824,0.03064423,0.026073643,0.046114218,0.094004072,0.017527985,0.034660278,0.025039211,0.017887873,0.057997478,0.03427811,0.025308173,0.039295956,0.04904361,0.052275368,0.029378492,0.016265772,0.030699966,0.032851099,0.094740604,0.027865368,0.040504454,0.026571965,0.031357786,0.020066941,0.02155875,0.03153156,0.032467143,0.07490005,0.029114348,0.084622912,0.065180341,0.023000602,0.0163726,0.033336814,0.021984903,0.027329864,0.040996657,0.016124974,0.055259727,0.020580329,0.051561256,0.024424243,0.025905951,0.024737638,0.020716315,0.040982986,0.02560859,0.06479683,0.030089344,0.047341884,0.023787361,0.037240657,0.035989786,0.031630033,0.031216881,0.078280167,0.032508945,0.045234068,0.029604141,0.107960165,0.116662334,0.017980434,0.034977468,0.094148848,0.02546377,0.018047504,0.018502256,0.0183487,0.023988859,0.022503339,0.030990212,0.022386292,0.020393217,0.03061463,0.030279553,0.101450558,0.0333841,0.026977567,0.012488129,0.027540681,0.105230476,0.024473209,0.121613025,0.018721895,0.018970101,0.034814132,0.021561558,0.028216767,0.106530934,0.033193478,0.021048452,0.026046222,0.046714953,0.01519468,0.062724167,0.075553381,0.158605613,0.090584214,0.027505802,0.088964123,0.206369433,0.023327678,0.026046283,0.013879309,0.024313054,0.013186353,0.028065948,0.024658234,0.021931264,0.01804943,0.02750072,0.050743487,0.023216422,0.032266342,0.027078843,0.08855915,0.022588771,0.04195468,0.115108599,0.157424379,0.032747831,0.039320101,0.028119909,0.02884747,0.054918552,0.021783697,0.02306727,0.019664695,0.11834212,0.02272569,0.018801609,0.022827644,0.022639555,0.040989771,0.025341164,0.0158348,0.011700771,0.023610508,0.018825376,0.028426273,0.024223153,0.023773278,0.02832531,0.018568336,0.027342005,0.019716649,0.024079004,0.037076243,0.021117381,0.024698179,0.022823816
1/1/17 10:00,0.041658019,0.035155982,0.048446441,0.038084698,0.009023677,0.041856715,0.015356849,0.005891347,0.03331817,0.030061094,0.050760287,0.026990367,0.020479887,0.038207881,0.037441448,0.036860973,0.033331041,0.024031492,0.026900087,0.041270024,0.088244658,0.032409471,0.021161982,0.054214579,0.026599643,0.033117421,0.031947713,0.025803967,0.036925859,0.027117228,0.017554807,0.04682238,0.034455581,0.052017289,0.029120477,0.032932649,0.04957421,0.022927396,0.049175253,0.042510771,0.02310831,0.027936395,0.029314788,0.043861381,0.064225585,0.036253886,0.019047219,0.017293056,0.036739774,0.029098041,0.023878784,0.049955024,0.082980902,0.01684587,0.032753578,0.029301041,0.016653095,0.036980672,0.038378625,0.028151625,0.032708431,0.034968975,0.09853546,0.031334521,0.016240275,0.034151782,0.026369262,0.059442392,0.026932577,0.039670883,0.027280104,0.067887665,0.019000935,0.0204273,0.029997275,0.033154154,0.090239506,0.033589355,0.057611232,0.090993944,0.021705333,0.015813908,0.035241119,0.022077348,0.050201493,0.056670324,0.016821372,0.055130199,0.02248735,0.033538267,0.02323826,0.027831985,0.02449622,0.01979059,0.038708067,0.024463215,0.033711798,0.030052252,0.168350217,0.023821146,0.049193724,0.048833282,0.030926245,0.033852203,0.099635707,0.033727361,0.035218762,0.032731112,0.071191183,0.046642016,0.021208868,0.037315875,0.158741673,0.029782549,0.017726932,0.019924856,0.019820757,0.025595507,0.022664003,0.038576672,0.022644422,0.042348242,0.030470556,0.048202052,0.081390404,0.030527244,0.026492593,0.012861552,0.027151558,0.119343419,0.024808485,0.05237867,0.019744343,0.020560524,0.027821038,0.021095738,0.027956039,0.053042179,0.059149906,0.022427527,0.026469184,0.059587168,0.015379726,0.097636907,0.083614647,0.123845762,0.114712052,0.040047869,0.046467659,0.04223943,0.044244691,0.024882726,0.032006353,0.063484209,0.013710177,0.031635009,0.030219128,0.021908051,0.019783362,0.024295199,0.13616359,0.021781483,0.035024716,0.02758585,0.076904272,0.023514529,0.152829238,0.039565283,0.053080956,0.032069368,0.159942855,0.025951801,0.024085676,0.050793149,0.02283906,0.024469742,0.026218617,0.127229235,0.021772942,0.01829342,0.028688796,0.024385659,0.064265383,0.026472675,0.017696584,0.011532948,0.048488038,0.017876721,0.027974241,0.023811145,0.020650644,0.02518086,0.018595994,0.027013652,0.020547313,0.026110257,0.082223795,0.02127027,0.025465791,0.025933249
1/1/17 11:00,0.042158647,0.035768229,0.042428047,0.037669064,0.008776275,0.045207049,0.0137679,0.005988132,0.032200856,0.029636698,0.05529282,0.029035724,0.019387684,0.031334006,0.040221355,0.045481301,0.031009608,0.022916725,0.043416799,0.040350632,0.054624603,0.03091679,0.024348188,0.098114478,0.027199975,0.029380276,0.045233638,0.025031915,0.038444486,0.025320639,0.018792397,0.045843388,0.038109223,0.059875907,0.028359403,0.033702529,0.047136135,0.023645171,0.050483299,0.037828741,0.024214921,0.027719073,0.029507375,0.035675448,0.042266029,0.044719039,0.020413083,0.019985155,0.05948647,0.028877235,0.023554306,0.073272915,0.066947807,0.016743919,0.033643187,0.029684946,0.016726919,0.029546305,0.046100923,0.035367931,0.026187108,0.033998533,0.102093065,0.034300897,0.017168557,0.042144538,0.026569365,0.038828195,0.02774722,0.040640972,0.025897117,0.091889116,0.019378867,0.020166673,0.030499174,0.036687536,0.051738995,0.050853016,0.043237842,0.104423452,0.021075195,0.016052088,0.036859081,0.022741761,0.067161765,0.067221819,0.021432737,0.056350073,0.033241115,0.026387112,0.024031499,0.031447605,0.024604304,0.020429207,0.034758455,0.027659451,0.028177504,0.029721412,0.047554629,0.024840139,0.054354202,0.058050492,0.033495328,0.05310662,0.097255602,0.03734531,0.026171074,0.04996917,0.052285026,0.02874639,0.037024408,0.030419212,0.092529931,0.024108288,0.016524821,0.019198025,0.01978047,0.025256636,0.022800244,0.075910313,0.022048236,0.095978453,0.030085965,0.057313125,0.040802559,0.031125477,0.023978594,0.012128374,0.027140405,0.129619719,0.027024726,0.031995838,0.020246701,0.023257354,0.023576552,0.022156552,0.028327039,0.034987889,0.084814218,0.02041326,0.034279769,0.046107328,0.016162665,0.104022008,0.060196399,0.029121338,0.08269203,0.165538736,0.029323856,0.025589855,0.157445477,0.024122191,0.087634438,0.111277071,0.013220912,0.033137165,0.074983819,0.021364098,0.034542417,0.021335821,0.053144799,0.022796128,0.030281934,0.032630712,0.09137007,0.022258698,0.082449663,0.027505468,0.032978294,0.035069858,0.184008791,0.025717926,0.02259926,0.10895904,0.021849179,0.031766257,0.038925255,0.119280291,0.0213082,0.019977079,0.034318903,0.021835237,0.251720118,0.027007596,0.016769027,0.011491766,0.163707064,0.017687356,0.025411962,0.022205994,0.022742518,0.027610713,0.019845016,0.026328581,0.021154473,0.045654908,0.052587669,0.023159872,0.0263632,0.033814288
1/1/17 12:00,0.042327233,0.036877491,0.040261416,0.037315362,0.009244697,0.045282661,0.012832967,0.006116689,0.029803702,0.030055068,0.056793997,0.031516363,0.019119304,0.026986859,0.043913142,0.053951541,0.030563626,0.023149078,0.059331241,0.037787856,0.03809733,0.030900195,0.032201289,0.057213754,0.027885712,0.028386151,0.060629546,0.02520641,0.049210286,0.023688038,0.023312804,0.048539938,0.048792783,0.070594433,0.028097105,0.034372147,0.050252901,0.023433858,0.052113356,0.032471805,0.027146012,0.029395015,0.030784619,0.032895011,0.040022913,0.090160411,0.021397447,0.026909768,0.056155791,0.032091593,0.024422922,0.044119577,0.061226993,0.017188963,0.030613388,0.036055914,0.01737671,0.03385532,0.048366847,0.045346955,0.020108585,0.034971386,0.089819168,0.039037582,0.018494237,0.046901364,0.026172324,0.027673319,0.029234043,0.03699109,0.026275235,0.091592893,0.019471924,0.019381887,0.030641755,0.031370442,0.034815916,0.110088618,0.039301253,0.066014531,0.020817694,0.016512308,0.0451401,0.022580658,0.042752976,0.057803184,0.039927493,0.060613233,0.057021724,0.024548576,0.024529432,0.035966289,0.024973118,0.020319249,0.055863226,0.029669587,0.027977138,0.031062537,0.035370351,0.024371676,0.046109009,0.056836435,0.039700789,0.066781286,0.068049939,0.035407374,0.020152292,0.194254465,0.033953993,0.025464404,0.097155116,0.027295095,0.038180578,0.022277521,0.018186673,0.019209311,0.022108572,0.027691628,0.02241954,0.103730606,0.025125848,0.062490741,0.030525016,0.062466195,0.033814723,0.030698245,0.025002826,0.013103439,0.027260579,0.108839792,0.030187299,0.032212729,0.026739381,0.021607032,0.022454643,0.023729337,0.028709096,0.038412726,0.159002423,0.021323436,0.04382143,0.037857208,0.016327887,0.075410554,0.046582295,0.023882798,0.035596622,0.181497392,0.022815602,0.023918644,0.07026998,0.025260788,0.097639485,0.10624927,0.013192072,0.031432034,0.062187552,0.022815574,0.103238752,0.021829998,0.037395467,0.023999504,0.061655479,0.033312186,0.101165847,0.024059891,0.119060483,0.033503894,0.037166341,0.036415887,0.046697194,0.029560104,0.023018426,0.053802191,0.02237679,0.080863538,0.078851083,0.073577218,0.020996332,0.019972228,0.066378528,0.022056065,0.048813726,0.034970173,0.018573657,0.010924421,0.038194205,0.017613719,0.025085808,0.022028822,0.031048279,0.041955983,0.020952592,0.022721106,0.023429238,0.119174778,0.036461428,0.023904547,0.023067043,0.112680974
1/1/17 13:00,0.041992453,0.038385209,0.0401875,0.036399661,0.009351705,0.044074922,0.012523626,0.005886391,0.028320906,0.031246138,0.055763823,0.033648333,0.018956084,0.026738684,0.050097033,0.061485653,0.030700856,0.023627327,0.072007741,0.035756719,0.033745149,0.031641561,0.045039493,0.040109927,0.030449669,0.028470462,0.056822446,0.026100142,0.085951241,0.023868298,0.027181233,0.051387019,0.056918003,0.0706976,0.02802694,0.045184587,0.045966295,0.023336777,0.057906379,0.030850629,0.034843024,0.034588885,0.0322213,0.030219196,0.036103873,0.047238379,0.024821854,0.050166429,0.050919193,0.034582367,0.024895508,0.026293601,0.050780865,0.018134739,0.031556635,0.054633827,0.017237302,0.048827654,0.039793394,0.069926203,0.017358825,0.033168567,0.089295193,0.040679318,0.018317312,0.050446721,0.026599291,0.026629526,0.02933988,0.033100327,0.026837435,0.073109186,0.019944813,0.020606453,0.032605719,0.041776981,0.02684393,0.093756898,0.036698884,0.051218096,0.020851203,0.017421398,0.106318275,0.025822685,0.039520628,0.038009186,0.100771219,0.053585503,0.068571219,0.024261789,0.028212326,0.039034313,0.028820225,0.020828724,0.16361636,0.030417188,0.027235942,0.03958603,0.036472796,0.027254923,0.03602671,0.063978527,0.030122246,0.039369357,0.030334247,0.031881761,0.018057111,0.050707402,0.02683082,0.026476556,0.101987608,0.026057154,0.032425888,0.02202327,0.016224559,0.018748698,0.025279562,0.02635171,0.023451616,0.102509986,0.04398282,0.040255492,0.031092655,0.082088203,0.034428849,0.038142417,0.023940075,0.021473696,0.028205667,0.034663283,0.031095626,0.03279568,0.042723911,0.022676803,0.025784021,0.023320596,0.032827472,0.065925137,0.131109368,0.022198455,0.05761385,0.041721076,0.018186346,0.053811121,0.044580776,0.02407923,0.025996767,0.053819155,0.024451794,0.027504743,0.049472534,0.025535295,0.0858704,0.108340922,0.013704863,0.032670174,0.025267963,0.033998231,0.107946687,0.020361295,0.026576641,0.024127084,0.089836149,0.034154811,0.095247769,0.028169922,0.060083236,0.029203193,0.053812256,0.034189259,0.026664151,0.034498506,0.02224799,0.042299056,0.020542173,0.192745511,0.069675106,0.039118025,0.022010684,0.020287517,0.108269349,0.022118136,0.029944539,0.040781399,0.017134369,0.011716259,0.028046808,0.018137816,0.025842196,0.021980108,0.037873463,0.093307348,0.024587642,0.021944337,0.044061104,0.039298288,0.038464213,0.021992913,0.025649077,0.118314665
1/1/17 14:00,0.042413475,0.040101755,0.042449081,0.034463506,0.009487415,0.044630884,0.013019593,0.005751813,0.028450726,0.031940493,0.052758899,0.036706503,0.019363549,0.027205431,0.057931281,0.064324345,0.034981864,0.024124301,0.075938818,0.036241402,0.034232562,0.033474054,0.057817158,0.036371011,0.035672597,0.029204604,0.047663561,0.028011088,0.052880154,0.026079405,0.0402618,0.050564483,0.053138151,0.078915851,0.028268811,0.036454978,0.037806619,0.025578144,0.061883151,0.029650147,0.046076871,0.040185855,0.033557651,0.029897781,0.035654138,0.046291051,0.039246453,0.094679563,0.043982093,0.034053083,0.025951952,0.026092285,0.036747222,0.021001477,0.031765261,0.0700324,0.01707784,0.056419825,0.040744415,0.090034874,0.016717812,0.032507637,0.063137739,0.054202091,0.01878766,0.04698188,0.02772779,0.025531859,0.030822873,0.032083788,0.027114208,0.079592732,0.020332331,0.020152811,0.031277334,0.153079855,0.024541522,0.052894455,0.031655758,0.038907445,0.020572077,0.019869207,0.117345919,0.031416563,0.054425865,0.028365886,0.100477843,0.037646645,0.063178088,0.023599804,0.028470229,0.06117898,0.028071719,0.022031278,0.052865238,0.029618652,0.028588938,0.038795825,0.038810803,0.033458874,0.030473417,0.04201461,0.028768818,0.032017266,0.022859626,0.026654863,0.017581636,0.033916227,0.026480566,0.023283706,0.104198804,0.026734174,0.033155609,0.022214611,0.015676368,0.0195492,0.025065614,0.02581053,0.023106356,0.068012531,0.104456937,0.029640838,0.032686297,0.088780083,0.033128219,0.077261194,0.024636371,0.064175146,0.028727138,0.032121428,0.033124106,0.030674139,0.06712475,0.038950969,0.022731225,0.020640033,0.055420136,0.084396154,0.047175777,0.022261464,0.078634036,0.04902943,0.018960158,0.052827391,0.053864812,0.024275335,0.023500438,0.033968946,0.03502554,0.028682032,0.033888969,0.027834488,0.10512171,0.108669368,0.014986009,0.045561269,0.021355291,0.128449896,0.095007621,0.025976214,0.025974973,0.02291087,0.063814221,0.034652377,0.099633157,0.04852778,0.04605111,0.027401814,0.044049047,0.032326862,0.023587113,0.042494735,0.026676852,0.035014854,0.022267819,0.142705143,0.087434089,0.023068823,0.022575385,0.022650933,0.07916471,0.023080705,0.026689549,0.055144474,0.017435859,0.014142497,0.021216107,0.017983731,0.027278326,0.021764126,0.078909956,0.131737167,0.024589431,0.027483281,0.118651347,0.024153583,0.078590187,0.021935561,0.027024683,0.069942526
1/1/17 15:00,0.043152721,0.041976104,0.045062304,0.033857057,0.009980973,0.04518459,0.013409464,0.006115801,0.028960582,0.034818225,0.050228561,0.042046019,0.021100765,0.029458547,0.067380761,0.064094438,0.045551757,0.025118716,0.080526423,0.037194722,0.037609723,0.035263002,0.069437463,0.035514199,0.043573964,0.029742555,0.034996392,0.031510034,0.039602791,0.028392356,0.069197462,0.047481188,0.046049804,0.069789316,0.028047048,0.032358661,0.036452907,0.028672471,0.069596821,0.029855254,0.056368268,0.041050448,0.035593095,0.03322966,0.036877314,0.057685837,0.057032012,0.0985713,0.046239206,0.036668938,0.029805496,0.035768525,0.032727214,0.03239736,0.032354903,0.049848074,0.018017455,0.052342723,0.043179491,0.088062874,0.017137812,0.038298494,0.040036826,0.080105468,0.026505305,0.039978534,0.02862418,0.030051488,0.039356262,0.035440436,0.029457057,0.084344338,0.021349671,0.024495874,0.034717241,0.081632914,0.024722385,0.038111963,0.029521897,0.037570908,0.023386262,0.025355645,0.079466708,0.073818288,0.07635459,0.024144299,0.093984713,0.02542647,0.063514135,0.023847997,0.029317449,0.093673866,0.029720236,0.022991151,0.034689564,0.035373351,0.030830299,0.041033814,0.040460002,0.037568949,0.033637352,0.039851429,0.028677205,0.030281294,0.019768498,0.030056722,0.018127259,0.03367003,0.031031998,0.024133859,0.099186541,0.029613062,0.03285983,0.022761613,0.016775045,0.021715821,0.020500188,0.02587225,0.025815836,0.042649542,0.102290768,0.02756282,0.033098735,0.077382062,0.0429537,0.160916311,0.025445927,0.131997682,0.029573353,0.03417431,0.032992241,0.035707754,0.077820812,0.093508554,0.023957916,0.019772435,0.094438655,0.09150129,0.03165787,0.028973434,0.070593978,0.10121221,0.034303266,0.089930683,0.073163978,0.027620264,0.024665538,0.033499247,0.111070513,0.02883639,0.033574301,0.030878773,0.097936421,0.096651538,0.016916219,0.17071301,0.022891921,0.138062305,0.086768352,0.025179798,0.026984617,0.024308799,0.120392851,0.048954831,0.080085475,0.074691009,0.030913172,0.029937319,0.035595103,0.032541254,0.022566713,0.193492709,0.044036144,0.028912496,0.024180269,0.054380122,0.082809351,0.019652992,0.024241161,0.023690336,0.04186906,0.027438644,0.025759307,0.045768212,0.019611599,0.04215953,0.021183048,0.020599076,0.032903993,0.024843182,0.098227607,0.156928914,0.038439434,0.027158164,0.04790938,0.020233062,0.054962528,0.021860789,0.024980406,0.035711404
1/1/17 16:00,0.044005502,0.045690269,0.045583844,0.034410721,0.013319019,0.045140366,0.014303998,0.007089111,0.030719934,0.042638437,0.051295237,0.045909802,0.026433325,0.034143809,0.071716525,0.060105646,0.072003007,0.027500899,0.078892699,0.038842762,0.039142793,0.035970923,0.07156064,0.037178151,0.06779962,0.031682083,0.030734669,0.038611309,0.040468904,0.03638082,0.095697879,0.043618167,0.044605601,0.062701999,0.030594658,0.03362655,0.03470944,0.042871391,0.089325204,0.033097147,0.075531658,0.046630888,0.038242529,0.049085,0.049311174,0.059030075,0.070884875,0.098900414,0.066652375,0.040053225,0.04016219,0.061362161,0.032670004,0.055817533,0.032819636,0.039683295,0.01944004,0.058949597,0.046389538,0.088603443,0.017800643,0.044173517,0.029552776,0.097939589,0.043231595,0.040402003,0.031397579,0.034906353,0.158595082,0.045481879,0.036323136,0.06310323,0.025265567,0.023558759,0.052343131,0.047830003,0.030488369,0.036034678,0.032165294,0.04842669,0.032357133,0.05650011,0.047390204,0.128284642,0.095067357,0.021880989,0.097561688,0.021431728,0.0711299,0.026797115,0.039847978,0.123593445,0.034887172,0.028765037,0.034977353,0.039866769,0.032676699,0.040759939,0.050341189,0.038251753,0.042883723,0.064016882,0.032839861,0.037011014,0.01948602,0.031152054,0.019716172,0.038202382,0.030298065,0.02229902,0.08142479,0.032032698,0.03232039,0.024935639,0.021005434,0.045072237,0.021434104,0.027856335,0.030369002,0.033393666,0.058953784,0.033769203,0.033893488,0.048387815,0.046662658,0.056841316,0.027327028,0.136166418,0.032486833,0.027538235,0.031920784,0.046532857,0.078851853,0.109254634,0.02967734,0.021588796,0.058221737,0.053068281,0.032301253,0.035302083,0.046542028,0.052520356,0.138145727,0.081033895,0.050180586,0.031787739,0.036747081,0.032224264,0.099017479,0.034196146,0.041133646,0.036156676,0.095938568,0.035615224,0.034107938,0.118351833,0.027521506,0.146790975,0.06367117,0.024836681,0.032164398,0.028182375,0.111517734,0.23737101,0.044428505,0.084265853,0.034242863,0.030257799,0.032923308,0.033107349,0.022680262,0.053280329,0.058205494,0.039753242,0.026949029,0.031981743,0.071448613,0.017686392,0.029829204,0.024564909,0.038539517,0.035090055,0.028020182,0.152445429,0.02495278,0.134288293,0.024860284,0.022946524,0.030242409,0.03563186,0.059024252,0.10470585,0.086604789,0.031508076,0.043495019,0.039906004,0.056073494,0.022987401,0.028107557,0.047675412
1/1/17 17:00,0.044989637,0.052230399,0.049152788,0.036354716,0.037383143,0.047971788,0.016013882,0.008525542,0.035263161,0.059811197,0.05524085,0.049296503,0.034913219,0.047716298,0.072972629,0.056529462,0.084068388,0.035165805,0.08185104,0.040905678,0.03742419,0.038919542,0.073997563,0.042582818,0.066557137,0.034263727,0.033606647,0.049941896,0.04493692,0.043454523,0.101232685,0.040738917,0.068461726,0.048745059,0.032075778,0.034240806,0.039516661,0.119022951,0.073499358,0.052045145,0.064528743,0.06900958,0.04238039,0.124567628,0.046484342,0.054919908,0.074600121,0.10023091,0.106535387,0.042451219,0.057746372,0.082733303,0.0361597,0.072715352,0.036945261,0.04671517,0.023130041,0.062857626,0.055807537,0.070546368,0.019659888,0.059421492,0.028821176,0.058298323,0.070764955,0.045137657,0.041692255,0.037481346,0.078120038,0.060168814,0.038891949,0.062609025,0.053133011,0.027717942,0.204053516,0.04594128,0.042749633,0.038466345,0.034593393,0.077303802,0.044319964,0.119980682,0.039515512,0.142315761,0.078512704,0.022046797,0.096288145,0.020619847,0.06495953,0.03976219,0.074942321,0.104837684,0.063593247,0.037464513,0.038215031,0.040217759,0.038299501,0.044970437,0.046356799,0.042011284,0.068847073,0.110767689,0.046565086,0.046290081,0.025371349,0.043104615,0.02233547,0.038211765,0.039513004,0.022962446,0.065247424,0.031881732,0.035141533,0.034794426,0.048652391,0.202765581,0.023893453,0.033293876,0.039813474,0.030984284,0.042697761,0.044947782,0.036695979,0.028794616,0.045419076,0.049439482,0.030173345,0.14066507,0.037163515,0.029988923,0.03340122,0.124977173,0.081374769,0.093515427,0.044515989,0.024669276,0.046389063,0.041289721,0.03403409,0.040928731,0.028505147,0.042978996,0.151773178,0.057809082,0.036871567,0.051210227,0.045080271,0.031513416,0.073645019,0.038691555,0.080993034,0.041149193,0.099864459,0.021984704,0.138831225,0.042431759,0.026342912,0.097005561,0.045892262,0.028352897,0.038149777,0.026959766,0.091114356,0.058011419,0.019583086,0.045777178,0.036482419,0.031172072,0.03745156,0.042109322,0.02655469,0.042116368,0.113874627,0.038034854,0.052348301,0.032787646,0.087526712,0.020864493,0.033900204,0.026682283,0.040049496,0.052027565,0.033044578,0.152429069,0.025930307,0.141790175,0.032274842,0.038408583,0.034123906,0.049313965,0.058331834,0.034038925,0.120599683,0.055688435,0.134039116,0.113794806,0.064803227,0.030332642,0.032108538,0.099429037
1/1/17 18:00,0.044268987,0.056219282,0.052093487,0.03846926,0.071704503,0.052549832,0.017219763,0.008914842,0.040652957,0.079752593,0.059186992,0.05116793,0.04400834,0.060119401,0.067672115,0.053172916,0.069261622,0.052696821,0.079761754,0.048518196,0.037338059,0.049472723,0.072514812,0.049098233,0.050627436,0.035968202,0.036554684,0.059505176,0.04670385,0.046045093,0.097338909,0.038193117,0.1041311,0.037288563,0.033140542,0.0370987,0.057385558,0.094530308,0.060497638,0.140769059,0.051192059,0.104673321,0.045141318,0.114582875,0.048670457,0.056446018,0.076701766,0.094885183,0.056794494,0.047894487,0.081704229,0.085693086,0.039545289,0.076726079,0.037241528,0.067237724,0.037832857,0.057244938,0.05113436,0.063732973,0.021525836,0.079645611,0.029200932,0.039802671,0.102672397,0.046726596,0.060538725,0.03781743,0.054859148,0.075628359,0.043186786,0.066221528,0.136787424,0.040679921,0.072739011,0.047009027,0.038899034,0.045313461,0.034546024,0.065254529,0.06392075,0.137778193,0.038493174,0.097527668,0.094279254,0.024787978,0.07909134,0.02003162,0.054664657,0.058680973,0.205423229,0.052776377,0.174944845,0.043654511,0.044243561,0.043371408,0.040313535,0.04241148,0.044524389,0.045214917,0.086854532,0.087267592,0.110624325,0.080516857,0.044588111,0.114542515,0.02463837,0.037871104,0.057761289,0.025080004,0.036869718,0.034154532,0.035225606,0.116519704,0.128508749,0.159442216,0.028290966,0.034895597,0.04407449,0.031675127,0.05475353,0.076339898,0.037027414,0.027086863,0.054100563,0.05714485,0.039727999,0.13202531,0.03678326,0.030997023,0.037477461,0.067357417,0.05997935,0.074351759,0.055875552,0.024509987,0.045924288,0.035783544,0.037241648,0.057261014,0.024708747,0.052038971,0.136647545,0.03875428,0.027103186,0.063622867,0.043774651,0.033235682,0.060284562,0.04146945,0.080132712,0.045291351,0.06977661,0.023515831,0.164895029,0.033932319,0.033014261,0.044807195,0.063003244,0.029529021,0.042273133,0.029338324,0.053345039,0.04346406,0.018717175,0.030241942,0.034467448,0.029290172,0.040851397,0.037558998,0.026190157,0.054595722,0.057866549,0.037927129,0.28476759,0.031887704,0.053234152,0.023920904,0.051391691,0.02882239,0.037199928,0.073734252,0.034608048,0.040997342,0.052378719,0.109251571,0.028491281,0.098897991,0.034888338,0.064293936,0.159915667,0.028315637,0.092108379,0.087563884,0.071545509,0.07624002,0.039156115,0.034127799,0.038528635,0.076386306
1/1/17 19:00,0.043452913,0.056607242,0.055691979,0.040231979,0.080853659,0.060777051,0.031306018,0.01035618,0.048843812,0.082092042,0.059590467,0.054546877,0.05269217,0.075579634,0.06241857,0.052680893,0.059031988,0.081841001,0.074454031,0.048646242,0.040916959,0.106689486,0.068449244,0.04818586,0.045954524,0.036169584,0.043490982,0.08060659,0.045447476,0.060693737,0.089916596,0.036727378,0.071539098,0.033668105,0.036662401,0.060530975,0.098620202,0.07487914,0.048489457,0.062953272,0.058239589,0.126394525,0.047698926,0.066968374,0.045192169,0.051302143,0.078365692,0.07580643,0.04628059,0.053459527,0.070960402,0.078868022,0.038936549,0.072287754,0.036181974,0.075708268,0.060270726,0.05093823,0.056304125,0.048304116,0.024630805,0.124592392,0.029804432,0.033923322,0.108592409,0.049290498,0.199533405,0.041008096,0.051990078,0.074272248,0.06045824,0.046135741,0.116228674,0.107209677,0.047139898,0.044999567,0.037125842,0.041526835,0.034683684,0.055534961,0.126206529,0.117200472,0.039583783,0.056619363,0.073533899,0.033454677,0.057767125,0.020254624,0.050682498,0.060295877,0.063844207,0.0436563,0.144337634,0.054546488,0.051409823,0.039448298,0.041208578,0.043499883,0.046674883,0.052634716,0.046439635,0.05011861,0.107595646,0.08309124,0.057191619,0.059055647,0.026265995,0.044086323,0.081411312,0.029925927,0.034063862,0.037026033,0.03658382,0.141974625,0.122754526,0.075455137,0.056568473,0.036863362,0.049485482,0.032267146,0.090475418,0.11308199,0.03620441,0.043858424,0.063748384,0.053457694,0.090496724,0.091297906,0.040862994,0.031253876,0.042318447,0.049747319,0.037004302,0.046758511,0.072427593,0.027819241,0.072369556,0.038153987,0.04093504,0.190043296,0.023261978,0.105849267,0.134350305,0.033510836,0.023887139,0.059903244,0.036589157,0.034091179,0.054913627,0.057859162,0.061475561,0.045873759,0.042836072,0.025703913,0.158884896,0.037281171,0.033853912,0.032744724,0.081741461,0.034183407,0.04432616,0.035928541,0.037466834,0.044798862,0.019432227,0.029311765,0.033794988,0.029982273,0.041664525,0.035587967,0.029112028,0.047031476,0.042475623,0.041224407,0.103107934,0.033394947,0.032082314,0.025025539,0.048128545,0.047799673,0.03818892,0.06986253,0.038478096,0.032655508,0.077054792,0.080447479,0.040176335,0.078322706,0.035351207,0.07006977,0.091978987,0.03428207,0.051763872,0.074965313,0.063596721,0.051058691,0.027468645,0.035477034,0.04291109,0.046594019
1/1/17 20:00,0.043095335,0.05722162,0.057748092,0.044460019,0.079426073,0.069206236,0.06328584,0.049533495,0.061630585,0.081774086,0.0550331,0.064870634,0.05816558,0.08478356,0.055049867,0.054980492,0.052607365,0.097768521,0.06249269,0.045989072,0.045931802,0.067436856,0.06589947,0.046961322,0.047156751,0.036466475,0.053759054,0.082151591,0.04468548,0.104092614,0.083459815,0.039737993,0.054048528,0.03379942,0.052277149,0.108561234,0.094164911,0.066770933,0.037309569,0.048637206,0.083348485,0.087491304,0.048958972,0.048610409,0.046507502,0.05097314,0.079582338,0.051796651,0.045771731,0.063493846,0.06411052,0.076858683,0.036683423,0.067830006,0.048461264,0.06547869,0.081030887,0.04189419,0.12755716,0.040885276,0.031158869,0.071689453,0.032192192,0.034698793,0.102084504,0.049658843,0.096734136,0.048165933,0.048937793,0.06051637,0.194859863,0.038937361,0.096521491,0.123792374,0.044087312,0.040369045,0.039221602,0.041072218,0.033805758,0.041665536,0.145677239,0.086268378,0.040784023,0.044475203,0.054113468,0.072445664,0.049070816,0.020904894,0.051793812,0.0536401,0.051104956,0.04761437,0.057220897,0.070555815,0.053184197,0.037414861,0.046518725,0.047037329,0.044018546,0.12104742,0.035400604,0.041801796,0.069888294,0.064351456,0.067973437,0.058215668,0.028048345,0.048852581,0.087421236,0.045536836,0.038027155,0.039927298,0.037950298,0.143035885,0.101534942,0.065622982,0.156407641,0.051892601,0.066209027,0.034535736,0.072565499,0.089259681,0.039057527,0.08886963,0.109333101,0.047208361,0.101640995,0.05192075,0.044604784,0.030287055,0.06115786,0.046334338,0.034284471,0.042591652,0.075008081,0.040979726,0.131332707,0.03938745,0.036790975,0.172829099,0.029005955,0.066226829,0.081671934,0.036273084,0.02231863,0.047056247,0.033834101,0.036685263,0.040592471,0.047759716,0.047183675,0.046314621,0.022252541,0.024483677,0.132232901,0.041772535,0.036697627,0.030164089,0.057437696,0.052799831,0.062532827,0.050301382,0.037766135,0.044984062,0.016309149,0.045640858,0.034234531,0.057923041,0.037847054,0.038544421,0.040397351,0.045255148,0.03720973,0.042731723,0.054095472,0.035002608,0.035311604,0.026150892,0.041610445,0.119796554,0.064854851,0.053028814,0.03805036,0.031614073,0.083340635,0.097198333,0.077325661,0.080698215,0.041093647,0.051024538,0.057582851,0.033875736,0.043123652,0.048350338,0.077353932,0.05444645,0.036519782,0.040239815,0.05215521,0.044165103
1/1/17 21:00,0.04232245,0.0545257,0.052936167,0.050402715,0.070306544,0.068601174,0.080685679,0.069727581,0.06641612,0.071784145,0.047326985,0.070068218,0.057340677,0.073183818,0.048302223,0.056810785,0.04114888,0.096919524,0.047782098,0.039666434,0.047047895,0.053512086,0.063349964,0.042789362,0.04872296,0.035309528,0.063785754,0.055578802,0.043431651,0.110289631,0.067610649,0.049043455,0.045221315,0.034663016,0.095210721,0.065321832,0.057510516,0.062595427,0.029292965,0.044612868,0.087942361,0.058280927,0.051118252,0.039194049,0.043137744,0.047452261,0.080130916,0.041090443,0.045421628,0.058742844,0.051056226,0.062119009,0.033629761,0.063948883,0.145052696,0.069471839,0.08632703,0.035842441,0.065282601,0.040254723,0.042418267,0.041529109,0.033291447,0.03374567,0.09598235,0.047005054,0.049910897,0.063002088,0.045981275,0.047583939,0.098649652,0.030548592,0.073643325,0.106112704,0.04158654,0.036824493,0.039567125,0.039212062,0.031675183,0.031250745,0.117895672,0.066611077,0.039165228,0.041514691,0.037241081,0.104481866,0.041531798,0.020848814,0.049708115,0.049831709,0.056300862,0.0416367,0.042103882,0.088777192,0.045682345,0.035252706,0.045441515,0.066684454,0.041183383,0.189064912,0.043886544,0.034627415,0.05181445,0.054432741,0.082518047,0.125343946,0.027846128,0.047330549,0.047341658,0.054084064,0.034451475,0.039482969,0.037201287,0.075314271,0.062131597,0.054942167,0.155394732,0.157789716,0.236883689,0.033869436,0.062511722,0.063899302,0.045345003,0.06889791,0.06468247,0.043588362,0.065514279,0.032817815,0.046626256,0.027301574,0.065721757,0.043024402,0.046709606,0.054924027,0.054424278,0.065369983,0.068009559,0.038594849,0.035397809,0.080698748,0.0406495,0.045898451,0.038177479,0.02965215,0.020030865,0.042408061,0.030755538,0.034178561,0.037685322,0.04638756,0.044233628,0.043380603,0.016356723,0.031724604,0.080232934,0.041348913,0.042041843,0.031893934,0.038442265,0.090629834,0.106263431,0.07714586,0.028075262,0.04298452,0.015417186,0.092559246,0.036729501,0.109667168,0.028363572,0.039951153,0.05087618,0.037026636,0.035027564,0.042260208,0.044076342,0.034897086,0.081787111,0.024004616,0.035867161,0.111720536,0.061539506,0.050682271,0.035273022,0.030376859,0.080007637,0.089813268,0.081094964,0.137356516,0.043330723,0.039924065,0.041162873,0.028876246,0.059203773,0.044949891,0.057365549,0.061349221,0.047639521,0.03984218,0.05491757,0.041734169
1/1/17 22:00,0.040695729,0.04855044,0.04313817,0.054356197,0.06381614,0.058599007,0.077927337,0.089260101,0.060843201,0.056953568,0.038251567,0.065998171,0.054262954,0.05501055,0.042018761,0.049516768,0.030316287,0.068106486,0.0339464,0.034384905,0.045032078,0.045999169,0.054923397,0.040338864,0.049376772,0.03400649,0.065425132,0.0411255,0.03818586,0.097593714,0.043033285,0.062041346,0.039978056,0.034434912,0.110545685,0.054448709,0.041815086,0.05681557,0.0241748,0.037537174,0.058847757,0.037663326,0.089960117,0.031411228,0.038865925,0.040924418,0.076404062,0.03361043,0.04082494,0.047524499,0.040728753,0.03710926,0.027400864,0.058674623,0.058630909,0.089942569,0.079437712,0.031052759,0.040149123,0.037607773,0.061003019,0.028189061,0.030452562,0.033924329,0.090846187,0.043516343,0.038492927,0.07024823,0.041227404,0.040153384,0.047231883,0.023274513,0.053933902,0.087370663,0.038978886,0.032625963,0.032403665,0.034656986,0.028680842,0.023167413,0.063016611,0.043237494,0.035413555,0.038051828,0.030937047,0.090659198,0.032964132,0.022779407,0.041131565,0.036565478,0.051238444,0.036016103,0.038144601,0.117076299,0.041598571,0.035069278,0.042314173,0.188163518,0.036977089,0.059980758,0.090990145,0.030486524,0.036626802,0.038206701,0.052317306,0.075118744,0.02798583,0.043733277,0.027373203,0.052426727,0.027575323,0.040436264,0.033210215,0.037090229,0.034668521,0.044690488,0.127368688,0.160776558,0.085340221,0.033719403,0.045814293,0.045562559,0.110737875,0.052342917,0.040016447,0.036803741,0.066385878,0.020807947,0.042658097,0.026396823,0.04520645,0.030427791,0.061397874,0.060935965,0.041221791,0.090407766,0.0390758,0.033786917,0.031065766,0.040563429,0.052049109,0.034349274,0.024472783,0.022865283,0.01962002,0.038406971,0.024580118,0.030312758,0.028314735,0.038673627,0.037475643,0.037352254,0.016186405,0.033382541,0.035693789,0.038287619,0.043396568,0.036230839,0.028669334,0.113892268,0.062106124,0.199215147,0.023490348,0.034895496,0.014451147,0.097637819,0.029790832,0.103267571,0.024773091,0.037697219,0.056427857,0.033038189,0.032240368,0.036944004,0.035962867,0.035722752,0.059574422,0.020604368,0.033548064,0.080489896,0.040765034,0.043694184,0.032442562,0.029713774,0.106085397,0.057314569,0.057652842,0.157301341,0.038899866,0.035321847,0.028407991,0.024315608,0.088341443,0.056153283,0.045578527,0.053125805,0.044325079,0.03603771,0.057705178,0.029909366
1/1/17 23:00,0.039085351,0.042563123,0.034346602,0.05257861,0.059521516,0.046169562,0.072733821,0.097742948,0.051411917,0.043223736,0.031660568,0.056982901,0.051086892,0.03983046,0.035037433,0.040886355,0.025651623,0.04333572,0.027060033,0.031272488,0.042057177,0.041627382,0.046491859,0.036879846,0.045053503,0.034616803,0.059162469,0.034721584,0.033710895,0.064665354,0.029967258,0.084652145,0.037059372,0.032079005,0.088283924,0.04786048,0.032746276,0.047460455,0.021365905,0.030959768,0.039307422,0.028664221,0.110767222,0.026669278,0.034554455,0.035295039,0.06382177,0.024788616,0.033917601,0.037289843,0.031850745,0.023729975,0.023377031,0.054072962,0.038672537,0.055429963,0.071544956,0.026490959,0.031050832,0.03633563,0.071227291,0.022134974,0.028516706,0.038345345,0.067773092,0.040820256,0.035216942,0.059383281,0.034390161,0.038064503,0.037095459,0.019448716,0.039345335,0.063945827,0.030718223,0.027541216,0.029158877,0.034367765,0.02753197,0.017524206,0.040943197,0.032242878,0.031053279,0.029477835,0.02509387,0.067419219,0.027213997,0.024892282,0.032838722,0.027668281,0.047937839,0.029961426,0.036223541,0.072902281,0.036114129,0.03533281,0.038261101,0.047099476,0.02885144,0.035106056,0.067997113,0.027397779,0.029517976,0.023606792,0.03281096,0.038519484,0.032111164,0.034772434,0.022506271,0.047330798,0.025034707,0.049408861,0.030762429,0.030484151,0.02716387,0.032472195,0.091541629,0.106351859,0.039408631,0.032067138,0.033911431,0.033775117,0.167183709,0.035946484,0.028443213,0.032863882,0.120631945,0.018175872,0.037885402,0.024176491,0.037002979,0.02374891,0.052954618,0.062985938,0.029285912,0.095438977,0.031325671,0.026772519,0.02654193,0.02933353,0.051588716,0.027679025,0.01914586,0.020426966,0.020562988,0.02836294,0.020884813,0.025899221,0.027493372,0.033701423,0.029069793,0.033942364,0.015725523,0.037261206,0.022701062,0.037721876,0.04265111,0.027953317,0.022499547,0.086591786,0.03268957,0.170340309,0.021023897,0.031118618,0.013546703,0.073940131,0.025390632,0.046059182,0.022090947,0.034407467,0.033258334,0.029433719,0.027535983,0.029546953,0.030874639,0.027439999,0.035639539,0.019195422,0.031695208,0.047549127,0.03149381,0.042962481,0.027612823,0.044366967,0.124641513,0.03502243,0.048221785,0.049078752,0.042332145,0.031050642,0.02100607,0.022338617,0.096102555,0.110095786,0.037577783,0.037862427,0.040804964,0.034802962,0.049733035,0.021788729